seed,policy,phase,accesses,faults,hit_ratio
0,FIFO,before,5000,2160,0.568
0,FIFO,after,5000,3583,0.2834
0,LRU,before,5000,2156,0.5688
0,LRU,after,5000,3577,0.2846
0,Optimal,before,5000,1524,0.6952
0,Optimal,after,5000,2450,0.51
0,Learned-DT (static),before,5000,1670,0.666
0,Learned-DT (static),after,5000,3767,0.2466
0,Learned-LR (static),before,5000,1561,0.6878
0,Learned-LR (static),after,5000,4009,0.1982
0,Learned-DT (online),before,5000,1726,0.6548
0,Learned-DT (online),after,5000,3648,0.2704
0,Learned-DT (mixed-trained),before,5000,1633,0.6734
0,Learned-DT (mixed-trained),after,5000,4049,0.1902
1,FIFO,before,5000,1805,0.639
1,FIFO,after,5000,3565,0.287
1,LRU,before,5000,1788,0.6424
1,LRU,after,5000,3563,0.2874
1,Optimal,before,5000,1268,0.7464
1,Optimal,after,5000,2416,0.5168
1,Learned-DT (static),before,5000,1348,0.7304
1,Learned-DT (static),after,5000,3743,0.2514
1,Learned-LR (static),before,5000,1300,0.74
1,Learned-LR (static),after,5000,4052,0.1896
1,Learned-DT (online),before,5000,1443,0.7114
1,Learned-DT (online),after,5000,3653,0.2694
1,Learned-DT (mixed-trained),before,5000,1336,0.7328
1,Learned-DT (mixed-trained),after,5000,3774,0.2452
2,FIFO,before,5000,2058,0.5884
2,FIFO,after,5000,3563,0.2874
2,LRU,before,5000,2038,0.5924
2,LRU,after,5000,3570,0.286
2,Optimal,before,5000,1406,0.7188
2,Optimal,after,5000,2421,0.5158
2,Learned-DT (static),before,5000,1476,0.7048
2,Learned-DT (static),after,5000,3762,0.2476
2,Learned-LR (static),before,5000,1496,0.7008
2,Learned-LR (static),after,5000,3926,0.2148
2,Learned-DT (online),before,5000,1567,0.6866
2,Learned-DT (online),after,5000,3641,0.2718
2,Learned-DT (mixed-trained),before,5000,1486,0.7028
2,Learned-DT (mixed-trained),after,5000,3904,0.2192
3,FIFO,before,5000,1918,0.6164
3,FIFO,after,5000,3554,0.2892
3,LRU,before,5000,1897,0.6206
3,LRU,after,5000,3558,0.2884
3,Optimal,before,5000,1325,0.735
3,Optimal,after,5000,2427,0.5146
3,Learned-DT (static),before,5000,1379,0.7242
3,Learned-DT (static),after,5000,3619,0.2762
3,Learned-LR (static),before,5000,1369,0.7262
3,Learned-LR (static),after,5000,3988,0.2024
3,Learned-DT (online),before,5000,1454,0.7092
3,Learned-DT (online),after,5000,3666,0.2668
3,Learned-DT (mixed-trained),before,5000,1431,0.7138
3,Learned-DT (mixed-trained),after,5000,3943,0.2114
4,FIFO,before,5000,2060,0.588
4,FIFO,after,5000,3630,0.274
4,LRU,before,5000,2031,0.5938
4,LRU,after,5000,3629,0.2742
4,Optimal,before,5000,1408,0.7184
4,Optimal,after,5000,2488,0.5024
4,Learned-DT (static),before,5000,1524,0.6952
4,Learned-DT (static),after,5000,3673,0.2654
4,Learned-LR (static),before,5000,1490,0.702
4,Learned-LR (static),after,5000,4012,0.1976
4,Learned-DT (online),before,5000,1555,0.689
4,Learned-DT (online),after,5000,3713,0.2574
4,Learned-DT (mixed-trained),before,5000,1485,0.703
4,Learned-DT (mixed-trained),after,5000,4064,0.1872
5,FIFO,before,5000,1992,0.6016
5,FIFO,after,5000,3603,0.2794
5,LRU,before,5000,1979,0.6042
5,LRU,after,5000,3610,0.278
5,Optimal,before,5000,1393,0.7214
5,Optimal,after,5000,2446,0.5108
5,Learned-DT (static),before,5000,1500,0.7
5,Learned-DT (static),after,5000,3723,0.2554
5,Learned-LR (static),before,5000,1481,0.7038
5,Learned-LR (static),after,5000,3976,0.2048
5,Learned-DT (online),before,5000,1606,0.6788
5,Learned-DT (online),after,5000,3676,0.2648
5,Learned-DT (mixed-trained),before,5000,1489,0.7022
5,Learned-DT (mixed-trained),after,5000,3852,0.2296
6,FIFO,before,5000,2061,0.5878
6,FIFO,after,5000,3642,0.2716
6,LRU,before,5000,2033,0.5934
6,LRU,after,5000,3639,0.2722
6,Optimal,before,5000,1420,0.716
6,Optimal,after,5000,2502,0.4996
6,Learned-DT (static),before,5000,1483,0.7034
6,Learned-DT (static),after,5000,3706,0.2588
6,Learned-LR (static),before,5000,1517,0.6966
6,Learned-LR (static),after,5000,3999,0.2002
6,Learned-DT (online),before,5000,1616,0.6768
6,Learned-DT (online),after,5000,3724,0.2552
6,Learned-DT (mixed-trained),before,5000,1518,0.6964
6,Learned-DT (mixed-trained),after,5000,4051,0.1898
7,FIFO,before,5000,1745,0.651
7,FIFO,after,5000,3511,0.2978
7,LRU,before,5000,1727,0.6546
7,LRU,after,5000,3506,0.2988
7,Optimal,before,5000,1202,0.7596
7,Optimal,after,5000,2394,0.5212
7,Learned-DT (static),before,5000,1260,0.748
7,Learned-DT (static),after,5000,3568,0.2864
7,Learned-LR (static),before,5000,1246,0.7508
7,Learned-LR (static),after,5000,3982,0.2036
7,Learned-DT (online),before,5000,1336,0.7328
7,Learned-DT (online),after,5000,3613,0.2774
7,Learned-DT (mixed-trained),before,5000,1276,0.7448
7,Learned-DT (mixed-trained),after,5000,3554,0.2892
8,FIFO,before,5000,1937,0.6126
8,FIFO,after,5000,3607,0.2786
8,LRU,before,5000,1935,0.613
8,LRU,after,5000,3606,0.2788
8,Optimal,before,5000,1348,0.7304
8,Optimal,after,5000,2456,0.5088
8,Learned-DT (static),before,5000,1420,0.716
8,Learned-DT (static),after,5000,3820,0.236
8,Learned-LR (static),before,5000,1384,0.7232
8,Learned-LR (static),after,5000,4079,0.1842
8,Learned-DT (online),before,5000,1543,0.6914
8,Learned-DT (online),after,5000,3764,0.2472
8,Learned-DT (mixed-trained),before,5000,1420,0.716
8,Learned-DT (mixed-trained),after,5000,3879,0.2242
9,FIFO,before,5000,1337,0.7326
9,FIFO,after,5000,3661,0.2678
9,LRU,before,5000,1324,0.7352
9,LRU,after,5000,3664,0.2672
9,Optimal,before,5000,912,0.8176
9,Optimal,after,5000,2507,0.4986
9,Learned-DT (static),before,5000,1010,0.798
9,Learned-DT (static),after,5000,3877,0.2246
9,Learned-LR (static),before,5000,972,0.8056
9,Learned-LR (static),after,5000,4078,0.1844
9,Learned-DT (online),before,5000,1107,0.7786
9,Learned-DT (online),after,5000,3754,0.2492
9,Learned-DT (mixed-trained),before,5000,974,0.8052
9,Learned-DT (mixed-trained),after,5000,3952,0.2096
